request_number,timestamp,status_code,success,response_text,error_text,response_time_ms,conversation_id
1,2025-10-27T21:44:00.096000,200,True," Hello! To access information about your tickets, please log in to your account. If you don't have an account yet, you can create one on our website. If you encounter any issues during the process, feel free to contact us at support@tmc.local.",,17959.65552330017,P3cbBvCHUvSSWmj5IoySoA
2,2025-10-27T21:44:29.964157,200,True," Hello! To assist you better, please log in to your account first. You can access your tickets and account details once logged in. If you need help with logging in, feel free to let me know.",,17867.68937110901,8cnZB0KinFGi8-2D1wlORg
3,2025-10-27T21:44:59.834123,200,True," Hello! To assist you better, please log in to your account first. You can access your tickets and account details once you're logged in. If you need help logging in, feel free to let me know.",,17869.194746017456,WCEIyVbhz4Q3XudWK2fbTw
4,2025-10-27T21:45:29.455393,200,True," Hello! To assist you better, please log in to your account. You can access your tickets and account details once you're logged in. If you need help with logging in, feel free to let me know.",,17620.757341384888,QwomlK3JtMZoh3mGXe-R1A
5,2025-10-27T21:45:58.717149,200,True," Hello! To assist you better, please log into your account at https://tmc.local/login. Once logged in, feel free to ask about your tickets or any other questions regarding our products and services.",,17261.01541519165,IcBfX-LAMnVfRffyVxNayw
6,2025-10-27T21:46:29.232511,200,True," Hello! To better assist you, please log in to your account first. You can do so by visiting our website and clicking on 'Login' at the top right corner of the page. If you encounter any issues during login, feel free to reach out to our support team at support@tmc.local.",,18514.71495628357,J03H2btN2vEkUrZg9t5vNQ
7,2025-10-27T21:47:00.079330,200,True," Hello! To assist you better, please log in to your account at Too Many Cables. Once logged in, we can help you with any questions or issues related to 'my tickets'. If you don't have an account yet, feel free to create one on our website. Thank you!",,18846.387147903442,KeHKR3OZEPyDkTfBQHYS9A
8,2025-10-27T21:47:30.563816,200,True," Hello! To assist you better, please log in to access your account details. You can do so by visiting our website and clicking on 'Sign In'. If you need help with logging in, feel free to let me know.",,18483.630657196045,Kig2p0csLcso9Ngx3H3F8Q
9,2025-10-27T21:48:00.929162,200,True," Hello! To access information about your tickets, you'll need to log in first. You can do so by visiting our website and clicking on 'Login' at the top right corner. If you encounter any difficulties, feel free to reach out to us at support@tmc.local.",,18364.630937576294,rebho5le8f3jYUbah8ksnQ
10,2025-10-27T21:48:32.268263,200,True," Hello! To access information related to your account or tickets, please log in first. You can do so by visiting our website and clicking on the 'Sign In' button located at the top right corner of the page. If you encounter any issues during the login process, feel free to contact us at support@tmc.local for assistance.",,19338.512897491455,gYf0y5xRjj6lUt6XytrNyg
